{
  "timestamp": "2026-04-12T13:27:11.057Z",
  "commit": "6b5ca57d3cd2598d92f34981f91175871d5c5d30",
  "dirty": true,
  "runs": 5,
  "warmup": 1,
  "results": [
    {
      "name": "tiny-ts",
      "path": "/var/folders/mk/s68b5sh97ss2tfgmcpnp820w0000gn/T/comply-bench-Dxyf9j/tiny.ts",
      "description": "synthetic 1 TS file (startup + cold engine)",
      "fileCount": 1,
      "wallSamples": [
        322.631375,
        319.940417,
        326.00145799999996,
        326.5760839999998,
        325.86287500000003
      ],
      "phaseSamples": {
        "discovery": [
          0.4,
          0.4,
          0.4,
          0.4,
          0.4
        ],
        "config": [
          0,
          0,
          0,
          0.1,
          0
        ],
        "oxlint": [
          43.2,
          43.8,
          44.2,
          44.7,
          44.1
        ],
        "jscpd (ts)": [
          0,
          0,
          0,
          0,
          0
        ],
        "knip": [
          0.1,
          0.1,
          0.1,
          0.1,
          0.1
        ],
        "madge": [
          0.1,
          0.1,
          0.1,
          0.1,
          0.1
        ],
        "engine (ts)": [
          12.8,
          12.8,
          12.8,
          13,
          12.7
        ],
        "clippy": [
          0,
          0,
          0,
          0,
          0
        ],
        "cargo-shear": [
          0,
          0,
          0,
          0,
          0
        ],
        "cargo-modules": [
          0,
          0,
          0,
          0,
          0
        ],
        "jscpd (rs)": [
          0,
          0,
          0,
          0,
          0
        ],
        "engine (rs)": [
          0,
          0,
          0,
          0,
          0
        ],
        "engine (vue)": [
          0,
          0,
          0,
          0,
          0
        ],
        "post-filter": [
          0.4,
          0.4,
          0.5,
          0.3,
          0.3
        ],
        "TOTAL": [
          319.4,
          316.7,
          322.7,
          323,
          322.7
        ]
      },
      "stats": {
        "min": 319.940417,
        "median": 325.86287500000003,
        "mean": 324.2024418,
        "p95": 326.5760839999998,
        "max": 326.5760839999998,
        "stddev": 2.540109496813933,
        "filesPerSec": 3.06877547802891
      },
      "phaseMedians": {
        "discovery": {
          "median": 0.4,
          "pctOfTotal": 0.12395413696932135
        },
        "oxlint": {
          "median": 44.1,
          "pctOfTotal": 13.665943600867681
        },
        "knip": {
          "median": 0.1,
          "pctOfTotal": 0.030988534242330338
        },
        "madge": {
          "median": 0.1,
          "pctOfTotal": 0.030988534242330338
        },
        "engine (ts)": {
          "median": 12.8,
          "pctOfTotal": 3.9665323830182833
        },
        "post-filter": {
          "median": 0.4,
          "pctOfTotal": 0.12395413696932135
        },
        "TOTAL": {
          "median": 322.7,
          "pctOfTotal": 0
        }
      }
    },
    {
      "name": "small-rules",
      "path": "src/rules/no_array_reduce",
      "description": "one rule dir (~2 Rust files)",
      "fileCount": 2,
      "wallSamples": [
        522.3321670000005,
        512.631292,
        511.17299999999886,
        512.2248330000002,
        529.8957500000015
      ],
      "phaseSamples": {
        "discovery": [
          0.6,
          0.6,
          0.6,
          0.5,
          0.5
        ],
        "config": [
          0.1,
          0.1,
          0.1,
          0.1,
          0.1
        ],
        "oxlint": [
          0,
          0,
          0,
          0,
          0
        ],
        "jscpd (ts)": [
          0,
          0,
          0,
          0,
          0
        ],
        "knip": [
          0,
          0,
          0,
          0,
          0
        ],
        "madge": [
          0,
          0,
          0,
          0,
          0
        ],
        "engine (ts)": [
          0,
          0,
          0,
          0,
          0
        ],
        "clippy": [
          347.4,
          336.5,
          334.8,
          334.3,
          341.3
        ],
        "cargo-shear": [
          218.2,
          213.5,
          212,
          212.1,
          216.8
        ],
        "cargo-modules": [
          308.5,
          299.8,
          297.7,
          299.2,
          305.4
        ],
        "jscpd (rs)": [
          0,
          0,
          0,
          0,
          0
        ],
        "engine (rs)": [
          16.2,
          16.5,
          16,
          16.2,
          16.5
        ],
        "engine (vue)": [
          0,
          0,
          0,
          0,
          0
        ],
        "post-filter": [
          0.2,
          0.2,
          0.2,
          0.2,
          0.2
        ],
        "TOTAL": [
          518.9,
          509.1,
          507.8,
          508.9,
          526.3
        ]
      },
      "stats": {
        "min": 511.17299999999886,
        "median": 512.631292,
        "mean": 517.6514084000003,
        "p95": 529.8957500000015,
        "max": 529.8957500000015,
        "stddev": 7.327379708021722,
        "filesPerSec": 3.901439555508055
      },
      "phaseMedians": {
        "discovery": {
          "median": 0.6,
          "pctOfTotal": 0.11785503830288745
        },
        "config": {
          "median": 0.1,
          "pctOfTotal": 0.019642506383814574
        },
        "clippy": {
          "median": 336.5,
          "pctOfTotal": 66.09703398153604
        },
        "cargo-shear": {
          "median": 213.5,
          "pctOfTotal": 41.93675112944412
        },
        "cargo-modules": {
          "median": 299.8,
          "pctOfTotal": 58.8882341386761
        },
        "engine (rs)": {
          "median": 16.2,
          "pctOfTotal": 3.182086034177961
        },
        "post-filter": {
          "median": 0.2,
          "pctOfTotal": 0.03928501276762915
        },
        "TOTAL": {
          "median": 509.1,
          "pctOfTotal": 0
        }
      }
    },
    {
      "name": "many-rules",
      "path": "/var/folders/mk/s68b5sh97ss2tfgmcpnp820w0000gn/T/comply-bench-Dxyf9j/many-rules",
      "description": "100 rule dirs copied to tempdir",
      "fileCount": 216,
      "wallSamples": [
        415.17762499999844,
        415.3518750000003,
        466.56979200000023,
        450.7735410000005,
        419.02891699999964
      ],
      "phaseSamples": {
        "discovery": [
          3,
          3,
          3.1,
          3.1,
          3.1
        ],
        "config": [
          0,
          0,
          0,
          0,
          0.1
        ],
        "oxlint": [
          0,
          0,
          0,
          0,
          0
        ],
        "jscpd (ts)": [
          0,
          0,
          0,
          0,
          0
        ],
        "knip": [
          0,
          0,
          0,
          0,
          0
        ],
        "madge": [
          0,
          0,
          0,
          0,
          0
        ],
        "engine (ts)": [
          0,
          0,
          0,
          0,
          0
        ],
        "clippy": [
          13.7,
          6,
          4.7,
          16.5,
          7
        ],
        "cargo-shear": [
          12.4,
          10.4,
          8.1,
          14.7,
          10
        ],
        "cargo-modules": [
          16.6,
          11.3,
          15.5,
          11.9,
          13.2
        ],
        "jscpd (rs)": [
          0,
          0,
          0,
          0,
          0
        ],
        "engine (rs)": [
          219.4,
          222.2,
          270.1,
          256.9,
          220.9
        ],
        "engine (vue)": [
          0,
          0,
          0,
          0,
          0
        ],